{
  "score": {
    "avg_n": 0.09,
    "max_n": 0.09,
    "min_n": 0.09
  },
  "precision_by_row": {
    "avg_n": 0.4226323344444096,
    "max_n": 0.4226323344444096,
    "min_n": 0.4226323344444096
  },
  "recall_by_row": {
    "avg_n": 0.36086313049388247,
    "max_n": 0.36086313049388247,
    "min_n": 0.36086313049388247
  },
  "f1_by_row": {
    "avg_n": 0.3744704209784072,
    "max_n": 0.3744704209784072,
    "min_n": 0.3744704209784072
  },
  "precision_by_item": {
    "avg_n": 0.7602490707213583,
    "max_n": 0.7602490707213583,
    "min_n": 0.7602490707213583
  },
  "recall_by_item": {
    "avg_n": 0.6337824333019464,
    "max_n": 0.6337824333019464,
    "min_n": 0.6337824333019464
  },
  "f1_by_item": {
    "avg_n": 0.6621458986104668,
    "max_n": 0.6621458986104668,
    "min_n": 0.6621458986104668
  }
}