{
  "score": {
    "avg_n": 0.14,
    "max_n": 0.14,
    "min_n": 0.14
  },
  "precision_by_row": {
    "avg_n": 0.48902037959452593,
    "max_n": 0.48902037959452593,
    "min_n": 0.48902037959452593
  },
  "recall_by_row": {
    "avg_n": 0.45736863011463685,
    "max_n": 0.45736863011463685,
    "min_n": 0.45736863011463685
  },
  "f1_by_row": {
    "avg_n": 0.45957489611944174,
    "max_n": 0.45957489611944174,
    "min_n": 0.45957489611944174
  },
  "precision_by_item": {
    "avg_n": 0.7686769917453404,
    "max_n": 0.7686769917453404,
    "min_n": 0.7686769917453404
  },
  "recall_by_item": {
    "avg_n": 0.7035323732181028,
    "max_n": 0.7035323732181028,
    "min_n": 0.7035323732181028
  },
  "f1_by_item": {
    "avg_n": 0.7115636835857652,
    "max_n": 0.7115636835857652,
    "min_n": 0.7115636835857652
  }
}