{
  "score": {
    "avg_n": 0.12,
    "max_n": 0.12,
    "min_n": 0.12
  },
  "precision_by_row": {
    "avg_n": 0.5008816978888115,
    "max_n": 0.5008816978888115,
    "min_n": 0.5008816978888115
  },
  "recall_by_row": {
    "avg_n": 0.4258592510246082,
    "max_n": 0.4258592510246082,
    "min_n": 0.4258592510246082
  },
  "f1_by_row": {
    "avg_n": 0.4443793931970078,
    "max_n": 0.4443793931970078,
    "min_n": 0.4443793931970078
  },
  "precision_by_item": {
    "avg_n": 0.7942983517552739,
    "max_n": 0.7942983517552739,
    "min_n": 0.7942983517552739
  },
  "recall_by_item": {
    "avg_n": 0.6828376283683951,
    "max_n": 0.6828376283683951,
    "min_n": 0.6828376283683951
  },
  "f1_by_item": {
    "avg_n": 0.7085660832413947,
    "max_n": 0.7085660832413947,
    "min_n": 0.7085660832413947
  }
}