{
  "score": {
    "avg_n": 0.1,
    "max_n": 0.1,
    "min_n": 0.1
  },
  "precision_by_row": {
    "avg_n": 0.4952006707717856,
    "max_n": 0.4952006707717856,
    "min_n": 0.4952006707717856
  },
  "recall_by_row": {
    "avg_n": 0.4418516765217317,
    "max_n": 0.4418516765217317,
    "min_n": 0.4418516765217317
  },
  "f1_by_row": {
    "avg_n": 0.4538947260291824,
    "max_n": 0.4538947260291824,
    "min_n": 0.4538947260291824
  },
  "precision_by_item": {
    "avg_n": 0.7792706384172255,
    "max_n": 0.7792706384172255,
    "min_n": 0.7792706384172255
  },
  "recall_by_item": {
    "avg_n": 0.6894293417049995,
    "max_n": 0.6894293417049995,
    "min_n": 0.6894293417049995
  },
  "f1_by_item": {
    "avg_n": 0.7085056997617223,
    "max_n": 0.7085056997617223,
    "min_n": 0.7085056997617223
  }
}