{
  "score": {
    "avg_n": 0.06,
    "max_n": 0.06,
    "min_n": 0.06
  },
  "precision_by_row": {
    "avg_n": 0.471382459811212,
    "max_n": 0.471382459811212,
    "min_n": 0.471382459811212
  },
  "recall_by_row": {
    "avg_n": 0.42033283100727487,
    "max_n": 0.42033283100727487,
    "min_n": 0.42033283100727487
  },
  "f1_by_row": {
    "avg_n": 0.4315038456330514,
    "max_n": 0.4315038456330514,
    "min_n": 0.4315038456330514
  },
  "precision_by_item": {
    "avg_n": 0.7587168199521851,
    "max_n": 0.7587168199521851,
    "min_n": 0.7587168199521851
  },
  "recall_by_item": {
    "avg_n": 0.6698112833954155,
    "max_n": 0.6698112833954155,
    "min_n": 0.6698112833954155
  },
  "f1_by_item": {
    "avg_n": 0.6888473031065907,
    "max_n": 0.6888473031065907,
    "min_n": 0.6888473031065907
  }
}