{
  "score": {
    "avg_n": 0.01,
    "max_n": 0.01,
    "min_n": 0.01
  },
  "precision_by_row": {
    "avg_n": 0.36339515685016055,
    "max_n": 0.36339515685016055,
    "min_n": 0.36339515685016055
  },
  "recall_by_row": {
    "avg_n": 0.2929435101352567,
    "max_n": 0.2929435101352567,
    "min_n": 0.2929435101352567
  },
  "f1_by_row": {
    "avg_n": 0.30909121864759176,
    "max_n": 0.30909121864759176,
    "min_n": 0.30909121864759176
  },
  "precision_by_item": {
    "avg_n": 0.6837460612871129,
    "max_n": 0.6837460612871129,
    "min_n": 0.6837460612871129
  },
  "recall_by_item": {
    "avg_n": 0.5525022753878863,
    "max_n": 0.5525022753878863,
    "min_n": 0.5525022753878863
  },
  "f1_by_item": {
    "avg_n": 0.5829850969754098,
    "max_n": 0.5829850969754098,
    "min_n": 0.5829850969754098
  }
}