{
  "score": {
    "avg_n": 0.13,
    "max_n": 0.13,
    "min_n": 0.13
  },
  "precision_by_row": {
    "avg_n": 0.524800180554206,
    "max_n": 0.524800180554206,
    "min_n": 0.524800180554206
  },
  "recall_by_row": {
    "avg_n": 0.46934208369101377,
    "max_n": 0.46934208369101377,
    "min_n": 0.46934208369101377
  },
  "f1_by_row": {
    "avg_n": 0.48302292238405187,
    "max_n": 0.48302292238405187,
    "min_n": 0.48302292238405187
  },
  "precision_by_item": {
    "avg_n": 0.7932305272295789,
    "max_n": 0.7932305272295789,
    "min_n": 0.7932305272295789
  },
  "recall_by_item": {
    "avg_n": 0.6974838790897183,
    "max_n": 0.6974838790897183,
    "min_n": 0.6974838790897183
  },
  "f1_by_item": {
    "avg_n": 0.7205046960727621,
    "max_n": 0.7205046960727621,
    "min_n": 0.7205046960727621
  }
}