{
  "score": {
    "avg_n": 0.06,
    "max_n": 0.06,
    "min_n": 0.06
  },
  "precision_by_row": {
    "avg_n": 0.3730592757387354,
    "max_n": 0.3730592757387354,
    "min_n": 0.3730592757387354
  },
  "recall_by_row": {
    "avg_n": 0.3120305185366597,
    "max_n": 0.3120305185366597,
    "min_n": 0.3120305185366597
  },
  "f1_by_row": {
    "avg_n": 0.3294733620130923,
    "max_n": 0.3294733620130923,
    "min_n": 0.3294733620130923
  },
  "precision_by_item": {
    "avg_n": 0.6756976604156748,
    "max_n": 0.6756976604156748,
    "min_n": 0.6756976604156748
  },
  "recall_by_item": {
    "avg_n": 0.5590422208770865,
    "max_n": 0.5590422208770865,
    "min_n": 0.5590422208770865
  },
  "f1_by_item": {
    "avg_n": 0.590919395074824,
    "max_n": 0.590919395074824,
    "min_n": 0.590919395074824
  }
}