{
  "score": {
    "avg_n": 0.03,
    "max_n": 0.03,
    "min_n": 0.03
  },
  "precision_by_row": {
    "avg_n": 0.38720250612297563,
    "max_n": 0.38720250612297563,
    "min_n": 0.38720250612297563
  },
  "recall_by_row": {
    "avg_n": 0.33015721525104014,
    "max_n": 0.33015721525104014,
    "min_n": 0.33015721525104014
  },
  "f1_by_row": {
    "avg_n": 0.3446086331023412,
    "max_n": 0.3446086331023412,
    "min_n": 0.3446086331023412
  },
  "precision_by_item": {
    "avg_n": 0.7069735193579205,
    "max_n": 0.7069735193579205,
    "min_n": 0.7069735193579205
  },
  "recall_by_item": {
    "avg_n": 0.5780417165888491,
    "max_n": 0.5780417165888491,
    "min_n": 0.5780417165888491
  },
  "f1_by_item": {
    "avg_n": 0.6099672662774949,
    "max_n": 0.6099672662774949,
    "min_n": 0.6099672662774949
  }
}