{
  "score": {
    "avg_n": 0.07,
    "max_n": 0.07,
    "min_n": 0.07
  },
  "precision_by_row": {
    "avg_n": 0.42558803592572375,
    "max_n": 0.42558803592572375,
    "min_n": 0.42558803592572375
  },
  "recall_by_row": {
    "avg_n": 0.3584878495680384,
    "max_n": 0.3584878495680384,
    "min_n": 0.3584878495680384
  },
  "f1_by_row": {
    "avg_n": 0.3717568130801842,
    "max_n": 0.3717568130801842,
    "min_n": 0.3717568130801842
  },
  "precision_by_item": {
    "avg_n": 0.7433763276866407,
    "max_n": 0.7433763276866407,
    "min_n": 0.7433763276866407
  },
  "recall_by_item": {
    "avg_n": 0.6047563350669168,
    "max_n": 0.6047563350669168,
    "min_n": 0.6047563350669168
  },
  "f1_by_item": {
    "avg_n": 0.6296938030708489,
    "max_n": 0.6296938030708489,
    "min_n": 0.6296938030708489
  }
}