{
  "score": {
    "avg_n": 0.06,
    "max_n": 0.06,
    "min_n": 0.06
  },
  "precision_by_row": {
    "avg_n": 0.4079750874399655,
    "max_n": 0.4079750874399655,
    "min_n": 0.4079750874399655
  },
  "recall_by_row": {
    "avg_n": 0.34773781259670594,
    "max_n": 0.34773781259670594,
    "min_n": 0.34773781259670594
  },
  "f1_by_row": {
    "avg_n": 0.35976599799311965,
    "max_n": 0.35976599799311965,
    "min_n": 0.35976599799311965
  },
  "precision_by_item": {
    "avg_n": 0.7098322305856606,
    "max_n": 0.7098322305856606,
    "min_n": 0.7098322305856606
  },
  "recall_by_item": {
    "avg_n": 0.5914316675670062,
    "max_n": 0.5914316675670062,
    "min_n": 0.5914316675670062
  },
  "f1_by_item": {
    "avg_n": 0.6140894788404659,
    "max_n": 0.6140894788404659,
    "min_n": 0.6140894788404659
  }
}