{
  "score": {
    "avg_n": 0.02,
    "max_n": 0.02,
    "min_n": 0.02
  },
  "precision_by_row": {
    "avg_n": 0.3568002949926553,
    "max_n": 0.3568002949926553,
    "min_n": 0.3568002949926553
  },
  "recall_by_row": {
    "avg_n": 0.28639752361916715,
    "max_n": 0.28639752361916715,
    "min_n": 0.28639752361916715
  },
  "f1_by_row": {
    "avg_n": 0.2991272107537473,
    "max_n": 0.2991272107537473,
    "min_n": 0.2991272107537473
  },
  "precision_by_item": {
    "avg_n": 0.6843976435186598,
    "max_n": 0.6843976435186598,
    "min_n": 0.6843976435186598
  },
  "recall_by_item": {
    "avg_n": 0.5428651964928002,
    "max_n": 0.5428651964928002,
    "min_n": 0.5428651964928002
  },
  "f1_by_item": {
    "avg_n": 0.5694392969760537,
    "max_n": 0.5694392969760537,
    "min_n": 0.5694392969760537
  }
}