{
  "score": {
    "avg_n": 0.12,
    "max_n": 0.12,
    "min_n": 0.12
  },
  "precision_by_row": {
    "avg_n": 0.5279474727933058,
    "max_n": 0.5279474727933058,
    "min_n": 0.5279474727933058
  },
  "recall_by_row": {
    "avg_n": 0.5038849119032385,
    "max_n": 0.5038849119032385,
    "min_n": 0.5038849119032385
  },
  "f1_by_row": {
    "avg_n": 0.5114844184138415,
    "max_n": 0.5114844184138415,
    "min_n": 0.5114844184138415
  },
  "precision_by_item": {
    "avg_n": 0.8027237921275598,
    "max_n": 0.8027237921275598,
    "min_n": 0.8027237921275598
  },
  "recall_by_item": {
    "avg_n": 0.7485958260922881,
    "max_n": 0.7485958260922881,
    "min_n": 0.7485958260922881
  },
  "f1_by_item": {
    "avg_n": 0.7618766241792233,
    "max_n": 0.7618766241792233,
    "min_n": 0.7618766241792233
  }
}